ca_atom,dssp_B,dssp_E,dssp_H,dssp_I,dssp_G,dssp_S,dssp_T,dssp_ ,sasa_mean,sasa_std,chi_0,chi_1,chi_2,chi_3,chi_4,chi_5,chi_6,chi_7,chi_8,chi_9,chi_10,chi_11,phi_0,phi_1,phi_2,phi_3,phi_4,phi_5,phi_6,phi_7,phi_8,phi_9,phi_10,phi_11,psi_0,psi_1,psi_2,psi_3,psi_4,psi_5,psi_6,psi_7,psi_8,psi_9,psi_10,psi_11,rmsf
4,0.0,0.0,0.0,0.0,0.0,0.0,0.0,1.0,1.2220604,0.26106036,,,,,,,,,,,,,,,,,,,,,,,,,0.1,0.2,0.2,0.0,0.0,0.0,0.0,0.0,0.0,0.0,0.1,0.4,0.6115096
11,0.0,0.0,0.0,0.0,0.0,0.0,0.0,1.0,1.1241915,0.43955237,0.6,0.0,0.0,0.2,0.1,0.0,0.0,0.1,0.0,0.0,0.0,0.0,0.1,0.3,0.0,0.3,0.1,0.0,0.0,0.0,0.2,0.0,0.0,0.0,0.1,0.0,0.0,0.0,0.0,0.0,0.1,0.1,0.0,0.1,0.5,0.1,0.43876928
22,0.0,0.0,0.0,0.0,0.0,0.7,0.0,0.3,0.6461228,0.10495991,,,,,,,,,,,,,0.1,0.0,0.0,0.4,0.1,0.0,0.0,0.2,0.2,0.0,0.0,0.0,0.2,0.0,0.0,0.0,0.2,0.0,0.0,0.1,0.0,0.0,0.0,0.5,0.31664708
29,0.1,0.0,0.0,0.0,0.0,0.1,0.0,0.8,1.5352545,0.25732046,0.3,0.0,0.0,0.3,0.3,0.0,0.0,0.0,0.0,0.0,0.0,0.1,0.0,0.2,0.1,0.5,0.2,0.0,0.0,0.0,0.0,0.0,0.0,0.0,0.0,0.0,0.0,0.0,0.0,0.0,0.1,0.0,0.0,0.1,0.5,0.3,0.22270747
44,0.0,0.0,0.0,0.0,0.0,0.0,0.0,1.0,0.5210526,0.17915928,0.1,0.0,0.0,0.2,0.1,0.0,0.0,0.0,0.0,0.0,0.0,0.6,0.1,0.0,0.4,0.3,0.2,0.0,0.0,0.0,0.0,0.0,0.0,0.0,0.0,0.0,0.0,0.0,0.0,0.0,0.0,0.0,0.0,0.1,0.7,0.2,0.15125982
60,0.0,0.0,0.0,0.0,0.0,0.0,0.0,1.0,1.3062541,0.19434622,0.0,0.0,0.1,0.4,0.4,0.0,0.0,0.1,0.0,0.0,0.0,0.0,0.0,0.5,0.3,0.2,0.0,0.0,0.0,0.0,0.0,0.0,0.0,0.0,0.0,0.0,0.0,0.0,0.0,0.0,0.0,0.0,0.1,0.5,0.4,0.0,0.16820829
74,0.0,0.0,0.0,0.0,0.0,0.2,0.0,0.8,0.29516938,0.08637776,0.0,0.0,0.0,0.0,0.0,0.0,0.0,0.9,0.1,0.0,0.0,0.0,0.9,0.0,0.0,0.1,0.0,0.0,0.0,0.0,0.0,0.0,0.0,0.0,0.1,0.0,0.0,0.0,0.0,0.0,0.0,0.0,0.0,0.0,0.1,0.8,0.11220476
84,0.0,0.0,0.0,0.0,0.0,0.0,0.0,1.0,1.3584554,0.07105394,0.0,0.0,0.0,0.5,0.4,0.0,0.0,0.0,0.0,0.0,0.0,0.1,0.0,0.1,0.0,0.7,0.2,0.0,0.0,0.0,0.0,0.0,0.0,0.0,0.0,0.0,0.0,0.0,0.0,0.0,0.0,0.0,0.0,0.0,0.5,0.5,0.073488384
101,0.0,0.0,0.0,0.0,0.0,0.0,1.0,0.0,0.9432958,0.0710879,0.0,0.0,0.0,0.0,0.4,0.4,0.1,0.1,0.0,0.0,0.0,0.0,0.0,0.0,0.0,0.2,0.8,0.0,0.0,0.0,0.0,0.0,0.0,0.0,0.0,0.0,0.0,0.0,0.0,0.0,0.0,0.0,0.0,0.4,0.6,0.0,0.07831712
113,0.0,0.0,0.0,0.0,0.0,0.0,1.0,0.0,0.48417526,0.09108457,,,,,,,,,,,,,0.0,0.0,0.0,0.0,0.0,0.0,0.0,0.1,0.7,0.2,0.0,0.0,0.0,0.0,0.0,0.0,0.0,0.2,0.6,0.2,0.0,0.0,0.0,0.0,0.09507302
120,0.0,0.1,0.0,0.0,0.0,0.0,0.0,0.9,0.47978455,0.08457112,0.4,0.1,0.2,0.2,0.0,0.0,0.0,0.1,0.0,0.0,0.0,0.0,0.0,0.1,0.1,0.7,0.1,0.0,0.0,0.0,0.0,0.0,0.0,0.0,0.0,0.0,0.0,0.0,0.0,0.0,0.0,0.0,0.0,0.0,0.7,0.3,0.08561534
134,0.0,1.0,0.0,0.0,0.0,0.0,0.0,0.0,0.9229978,0.111468315,0.1,0.0,0.0,0.5,0.0,0.0,0.0,0.1,0.0,0.0,0.0,0.3,0.0,0.0,0.9,0.1,0.0,0.0,0.0,0.0,0.0,0.0,0.0,0.0,0.0,0.0,0.0,0.0,0.0,0.0,0.0,0.0,0.0,0.0,0.9,0.1,0.09459771
148,0.0,1.0,0.0,0.0,0.0,0.0,0.0,0.0,0.6701925,0.17229967,0.0,0.0,0.0,0.0,0.0,0.0,0.0,0.5,0.5,0.0,0.0,0.0,0.3,0.7,0.0,0.0,0.0,0.0,0.0,0.0,0.0,0.0,0.0,0.0,0.0,0.0,0.0,0.0,0.0,0.0,0.0,0.0,0.0,0.0,0.0,1.0,0.11126885
168,0.0,1.0,0.0,0.0,0.0,0.0,0.0,0.0,1.5915511,0.20715505,0.0,0.0,0.0,0.7,0.3,0.0,0.0,0.0,0.0,0.0,0.0,0.0,0.0,0.2,0.6,0.2,0.0,0.0,0.0,0.0,0.0,0.0,0.0,0.0,0.0,0.0,0.0,0.0,0.0,0.0,0.0,0.0,0.0,0.2,0.5,0.3,0.14204288
190,0.0,0.7,0.0,0.0,0.0,0.0,0.0,0.3,0.5182248,0.20946424,0.9,0.0,0.0,0.0,0.0,0.0,0.0,0.0,0.0,0.0,0.0,0.1,0.0,0.4,0.5,0.1,0.0,0.0,0.0,0.0,0.0,0.0,0.0,0.0,0.2,0.0,0.0,0.0,0.0,0.0,0.0,0.0,0.1,0.5,0.1,0.1,0.16042735
202,0.0,0.0,0.0,0.0,0.0,0.3,0.7,0.0,1.8598783,0.22801284,0.1,0.0,0.0,0.5,0.4,0.0,0.0,0.0,0.0,0.0,0.0,0.0,0.0,0.0,0.0,0.2,0.1,0.0,0.0,0.6,0.1,0.0,0.0,0.0,0.0,0.3,0.3,0.1,0.2,0.1,0.0,0.0,0.0,0.0,0.0,0.0,0.17088266
224,0.0,0.0,0.0,0.0,0.0,0.3,0.7,0.0,0.5791912,0.08724695,0.0,0.0,0.0,0.0,0.0,0.0,0.0,0.5,0.5,0.0,0.0,0.0,0.1,0.3,0.3,0.3,0.0,0.0,0.0,0.0,0.0,0.0,0.0,0.0,0.0,0.0,0.0,0.0,0.0,0.7,0.3,0.0,0.0,0.0,0.0,0.0,0.11069854
234,0.0,0.7,0.0,0.0,0.0,0.2,0.0,0.1,0.22699325,0.097867854,0.1,0.0,0.0,0.4,0.5,0.0,0.0,0.0,0.0,0.0,0.0,0.0,0.1,0.3,0.4,0.2,0.0,0.0,0.0,0.0,0.0,0.0,0.0,0.0,0.0,0.0,0.0,0.0,0.0,0.0,0.0,0.0,0.0,0.0,0.6,0.4,0.101285495
248,0.0,1.0,0.0,0.0,0.0,0.0,0.0,0.0,0.79536176,0.11990694,0.0,0.0,0.0,0.4,0.6,0.0,0.0,0.0,0.0,0.0,0.0,0.0,0.0,0.2,0.5,0.3,0.0,0.0,0.0,0.0,0.0,0.0,0.0,0.0,0.0,0.0,0.0,0.0,0.0,0.0,0.0,0.0,0.0,0.2,0.8,0.0,0.10572187
262,0.0,1.0,0.0,0.0,0.0,0.0,0.0,0.0,0.035287675,0.029539332,0.0,0.0,0.0,0.3,0.7,0.0,0.0,0.0,0.0,0.0,0.0,0.0,0.0,0.6,0.4,0.0,0.0,0.0,0.0,0.0,0.0,0.0,0.0,0.0,0.0,0.0,0.0,0.0,0.0,0.0,0.0,0.0,0.0,0.0,0.2,0.8,0.09443951
272,0.0,1.0,0.0,0.0,0.0,0.0,0.0,0.0,1.4927324,0.14860186,0.0,0.1,0.0,0.1,0.1,0.0,0.1,0.3,0.3,0.0,0.0,0.0,0.2,0.7,0.1,0.0,0.0,0.0,0.0,0.0,0.0,0.0,0.0,0.0,0.0,0.0,0.0,0.0,0.0,0.0,0.0,0.0,0.0,0.1,0.6,0.3,0.0805993
296,0.0,0.9,0.0,0.0,0.0,0.0,0.0,0.1,0.04265581,0.03669462,0.0,0.0,0.1,0.6,0.3,0.0,0.0,0.0,0.0,0.0,0.0,0.0,0.0,0.1,0.3,0.6,0.0,0.0,0.0,0.0,0.0,0.0,0.0,0.0,0.0,0.0,0.0,0.0,0.0,0.0,0.0,0.0,0.0,0.0,0.8,0.2,0.06624042
306,0.0,0.0,0.0,0.0,0.0,0.0,0.0,1.0,0.22538169,0.0472643,,,,,,,,,,,,,0.0,0.0,0.1,0.7,0.2,0.0,0.0,0.0,0.0,0.0,0.0,0.0,0.6,0.1,0.0,0.0,0.0,0.0,0.0,0.0,0.0,0.0,0.0,0.3,0.096180804
313,0.0,0.0,0.0,0.0,0.0,0.6,0.4,0.0,1.1850483,0.04307593,0.2,0.0,0.0,0.3,0.0,0.0,0.0,0.1,0.4,0.0,0.0,0.0,0.0,0.0,0.3,0.4,0.3,0.0,0.0,0.0,0.0,0.0,0.0,0.0,0.0,0.0,0.0,0.0,0.3,0.6,0.1,0.0,0.0,0.0,0.0,0.0,0.10591762
324,0.0,0.0,0.0,0.0,0.0,0.6,0.4,0.0,0.9868196,0.0759409,0.0,0.0,0.0,0.2,0.0,0.0,0.0,0.4,0.4,0.0,0.0,0.0,0.0,0.0,0.3,0.7,0.0,0.0,0.0,0.0,0.0,0.0,0.0,0.0,0.0,0.0,0.0,0.0,0.0,1.0,0.0,0.0,0.0,0.0,0.0,0.0,0.10025018
336,0.0,0.0,0.0,0.0,0.0,1.0,0.0,0.0,0.048819922,0.021785665,,,,,,,,,,,,,0.0,0.0,0.0,0.0,0.0,0.0,0.0,0.1,0.9,0.0,0.0,0.0,0.0,0.0,0.0,0.0,0.0,0.0,0.7,0.3,0.0,0.0,0.0,0.0,0.07354922
343,0.0,0.0,0.0,0.0,0.0,0.9,0.0,0.1,1.3464417,0.25367695,0.1,0.0,0.0,0.3,0.5,0.0,0.0,0.1,0.0,0.0,0.0,0.0,0.0,0.8,0.2,0.0,0.0,0.0,0.0,0.0,0.0,0.0,0.0,0.0,0.0,0.0,0.0,0.0,0.1,0.3,0.6,0.0,0.0,0.0,0.0,0.0,0.13726847
365,0.1,0.0,0.0,0.0,0.0,0.1,0.0,0.8,0.54246914,0.08702566,0.0,0.0,0.0,0.1,0.1,0.0,0.0,0.4,0.3,0.0,0.0,0.1,0.3,0.4,0.1,0.1,0.1,0.0,0.0,0.0,0.0,0.0,0.0,0.0,0.0,0.0,0.0,0.0,0.0,0.0,0.0,0.0,0.1,0.0,0.1,0.8,0.1866998
376,0.0,0.9,0.0,0.0,0.0,0.0,0.0,0.1,0.34147725,0.16834958,,,,,,,,,,,,,0.3,0.3,0.3,0.1,0.0,0.0,0.0,0.0,0.0,0.0,0.0,0.0,0.0,0.0,0.0,0.0,0.0,0.0,0.0,0.0,0.1,0.0,0.5,0.4,0.13580348
386,0.0,0.9,0.0,0.0,0.0,0.0,0.0,0.1,1.0387582,0.1871338,0.2,0.0,0.0,0.2,0.0,0.0,0.0,0.1,0.0,0.0,0.0,0.5,0.0,0.2,0.7,0.1,0.0,0.0,0.0,0.0,0.0,0.0,0.0,0.0,0.0,0.0,0.0,0.0,0.0,0.0,0.0,0.0,0.0,0.3,0.7,0.0,0.15447482
402,0.0,0.4,0.0,0.0,0.0,0.0,0.0,0.6,0.3938046,0.085401006,0.9,0.1,0.0,0.0,0.0,0.0,0.0,0.0,0.0,0.0,0.0,0.0,0.3,0.7,0.0,0.0,0.0,0.0,0.0,0.0,0.0,0.0,0.0,0.0,0.0,0.0,0.0,0.0,0.0,0.0,0.0,0.0,0.0,0.0,0.6,0.4,0.13156931
412,0.0,0.0,0.0,0.0,0.0,0.0,0.0,1.0,0.9075163,0.22741327,0.3,0.0,0.0,0.2,0.2,0.0,0.1,0.2,0.0,0.0,0.0,0.0,0.0,0.0,0.3,0.3,0.4,0.0,0.0,0.0,0.0,0.0,0.0,0.0,0.0,0.0,0.0,0.0,0.0,0.0,0.0,0.0,0.0,0.3,0.6,0.1,0.13882275
426,0.0,0.0,0.0,0.0,0.0,0.1,0.0,0.9,1.7637465,0.4177296,0.0,0.0,0.0,0.7,0.1,0.0,0.0,0.0,0.0,0.0,0.0,0.2,0.0,0.1,0.7,0.2,0.0,0.0,0.0,0.0,0.0,0.0,0.0,0.0,0.0,0.0,0.0,0.0,0.2,0.1,0.2,0.0,0.2,0.2,0.0,0.1,0.17736466
448,0.0,0.0,0.0,0.0,0.0,0.4,0.0,0.6,1.4715084,0.13641118,0.0,0.0,0.0,0.5,0.5,0.0,0.0,0.0,0.0,0.0,0.0,0.0,0.0,0.2,0.4,0.4,0.0,0.0,0.0,0.0,0.0,0.0,0.0,0.0,0.1,0.0,0.0,0.0,0.0,0.0,0.0,0.0,0.0,0.0,0.5,0.4,0.16490665
467,0.0,0.0,0.0,0.0,0.0,0.0,0.0,1.0,2.1059413,0.3249726,0.6,0.0,0.0,0.0,0.0,0.0,0.0,0.0,0.0,0.0,0.0,0.4,0.0,0.0,0.3,0.5,0.2,0.0,0.0,0.0,0.0,0.0,0.0,0.0,0.0,0.0,0.0,0.0,0.0,0.0,0.0,0.0,0.0,0.0,1.0,0.0,0.13756782
491,0.0,0.0,0.0,0.0,0.0,0.1,0.0,0.9,0.3618686,0.15542674,0.0,0.0,0.0,0.2,0.3,0.0,0.0,0.1,0.4,0.0,0.0,0.0,0.0,0.3,0.2,0.5,0.0,0.0,0.0,0.0,0.0,0.0,0.0,0.0,0.0,0.0,0.0,0.0,0.2,0.0,0.4,0.0,0.0,0.0,0.3,0.1,0.172759
501,0.0,0.0,0.0,0.0,0.0,0.0,0.0,1.0,1.378082,0.15213385,0.1,0.1,0.0,0.4,0.3,0.0,0.0,0.1,0.0,0.0,0.0,0.0,0.0,0.0,0.2,0.2,0.0,0.0,0.0,0.1,0.4,0.1,0.0,0.0,0.0,0.0,0.0,0.0,0.0,0.1,0.1,0.1,0.1,0.1,0.5,0.0,0.24976975
515,0.0,0.0,0.0,0.0,0.0,0.0,0.0,1.0,1.9901838,0.29152235,0.0,0.0,0.0,0.4,0.6,0.0,0.0,0.0,0.0,0.0,0.0,0.0,0.0,0.1,0.5,0.4,0.0,0.0,0.0,0.0,0.0,0.0,0.0,0.0,,,,,,,,,,,,,0.40041825
